Common Query Topics,Related Questions
Therapy and Companionship, Do you have any way to fix my problems?
Organising my Life, Can you help organize my life?
Finding Purpose, How can I move forward?
Enhanced Learning, Can you elaborate on this topic?
Generating Code, Can you help me with this program?
Generating Ideas, What are some good ideas for a novel?
Fun/Nonsense, Can you generate a meme with this picture?
Improving Code, Can you cleanup my code?
Creativity, Can you think of any variations of my idea?
Healthier Living, How can I live healthier?
Preparing for Interviews, What should I wear for an interview?
Generating Relevant Images, Can you show me images of a house?
Specific Search, Can you show me pictures of this specific model of car?
Simple Explainers, Can you simplify this excerpt for me?
Cooking With What You Have,What can I make from this list of ingredients?
Troubleshooting, What is wrong with my computer?
Personalized Learning, Can you explain this in terms I would understand?
Boosting Confidence, Does my outfit look good today?
Adjusting Tone of Email, Can you make this letter sound more formal?
Explaining Legalese, What do these legal terms mean?
